{
  "factkg:closed_book_llm": [
    0.63,
    0.565,
    0.695,
    1.0,
    0.63
  ],
  "factkg:context_llm": [
    0.66,
    0.59,
    0.725,
    1.0,
    0.66
  ],
  "factkg:pipeline": [
    0.66,
    0.59,
    0.725,
    0.79,
    0.8354430379746836
  ],
  "fever:closed_book_llm": [
    0.665,
    0.595,
    0.73,
    1.0,
    0.665
  ],
  "fever:context_llm": [
    0.0,
    0.0,
    0.0,
    0.0,
    0.0
  ],
  "fever:pipeline": [
    0.0,
    0.0,
    0.0,
    0.0,
    0.0
  ],
  "factkg:pipeline_no_completeness": [
    0.635,
    0.565,
    0.7,
    0.77,
    0.8246753246753247
  ],
  "factkg:pipeline_theta_0.0": [
    0.645,
    0.58,
    0.71,
    0.775,
    0.832258064516129
  ],
  "factkg:pipeline_theta_0.8": [
    0.635,
    0.565,
    0.7,
    0.78,
    0.8141025641025641
  ]
}